,ds,y
0,2013-01-01,0.0
1,2013-01-02,23720.568981999997
2,2013-01-03,17329.638
3,2013-01-04,15771.261981
4,2013-01-05,22380.07204
5,2013-01-06,28213.253996
6,2013-01-07,15162.97298
7,2013-01-08,13833.953000000001
8,2013-01-09,13791.857
9,2013-01-10,10665.907
10,2013-01-11,13626.280999999999
11,2013-01-12,17465.794004
12,2013-01-13,24883.324009999997
13,2013-01-14,13094.55
14,2013-01-15,13677.601006
15,2013-01-16,16290.298999999999
16,2013-01-17,11824.479
17,2013-01-18,13403.509979999999
18,2013-01-19,21390.997978
19,2013-01-20,24395.139000000003
20,2013-01-21,14120.046
21,2013-01-22,12496.40899
22,2013-01-23,14569.807998
23,2013-01-24,10601.726
24,2013-01-25,13080.240996
25,2013-01-26,19304.732003999998
26,2013-01-27,22909.45
27,2013-01-28,12840.22798
28,2013-01-29,11253.152001
29,2013-01-30,12996.348999999998
30,2013-01-31,11376.991
31,2013-02-01,16592.277
32,2013-02-02,23465.746
33,2013-02-03,24117.188997999998
34,2013-02-04,13735.884
35,2013-02-05,13427.913
36,2013-02-06,14219.30201
37,2013-02-07,10637.476971
38,2013-02-08,13250.294978
39,2013-02-09,15312.71803
40,2013-02-10,11829.663019
41,2013-02-11,12192.72301
42,2013-02-12,15015.325
43,2013-02-13,13118.085
44,2013-02-14,11437.743009999998
45,2013-02-15,14473.04998
46,2013-02-16,22243.481
47,2013-02-17,21660.792
48,2013-02-18,15374.52002
49,2013-02-19,12784.074
50,2013-02-20,13988.625998
51,2013-02-21,11154.032
52,2013-02-22,12464.141
53,2013-02-23,18450.06198
54,2013-02-24,24417.385995999997
55,2013-02-25,14774.178
56,2013-02-26,11081.373004000001
57,2013-02-27,13833.458999999999
58,2013-02-28,10687.586
59,2013-03-01,15855.972004
60,2013-03-02,25643.69803
61,2013-03-03,28741.585
62,2013-03-04,16898.611996
63,2013-03-05,14130.107
64,2013-03-06,15179.083002
65,2013-03-07,12278.685
66,2013-03-08,13186.36
67,2013-03-09,19536.163996
68,2013-03-10,24197.906
69,2013-03-11,13840.109011
70,2013-03-12,11451.957000999999
71,2013-03-13,13934.048999999999
72,2013-03-14,9791.585
73,2013-03-15,13706.718004999999
74,2013-03-16,21422.09498
75,2013-03-17,26084.79599
76,2013-03-18,13284.423999999999
77,2013-03-19,12627.824001
78,2013-03-20,14364.464
79,2013-03-21,11193.238000000001
80,2013-03-22,13109.240999999998
81,2013-03-23,21306.367976
82,2013-03-24,23633.747
83,2013-03-25,13398.815994
84,2013-03-26,11336.225999999999
85,2013-03-27,14622.08699
86,2013-03-28,14467.749991
87,2013-03-29,15414.554
88,2013-03-30,19045.44898
89,2013-03-31,24860.39801
90,2013-04-01,19263.22298
91,2013-04-02,15841.734980000001
92,2013-04-03,17652.463
93,2013-04-04,12374.345017
94,2013-04-05,14532.680980000001
95,2013-04-06,23225.87402
96,2013-04-07,27534.318001
97,2013-04-08,15663.32798
98,2013-04-09,12568.234988
99,2013-04-10,14099.651000000002
100,2013-04-11,10918.312
101,2013-04-12,13110.99
102,2013-04-13,19956.515
103,2013-04-14,24804.108
104,2013-04-15,14643.506005000001
105,2013-04-16,14081.131000000001
106,2013-04-17,15722.623
107,2013-04-18,11137.569
108,2013-04-19,13633.936000000002
109,2013-04-20,19898.292
110,2013-04-21,25407.229
111,2013-04-22,14681.109011
112,2013-04-23,13210.322
113,2013-04-24,14415.49801
114,2013-04-25,11510.598020000001
115,2013-04-26,12705.21902
116,2013-04-27,19396.724018
117,2013-04-28,23996.105
118,2013-04-29,13195.133
119,2013-04-30,12151.51799
120,2013-05-01,22351.400999999998
121,2013-05-02,13672.471000000001
122,2013-05-03,16223.598
123,2013-05-04,22907.049997000002
124,2013-05-05,28088.89496
125,2013-05-06,16531.022
126,2013-05-07,12982.103004
127,2013-05-08,15021.947
128,2013-05-09,11249.304995
129,2013-05-10,14463.761999999999
130,2013-05-11,22889.93
131,2013-05-12,18983.415002
132,2013-05-13,15222.583
133,2013-05-14,12286.83201
134,2013-05-15,14589.048020999999
135,2013-05-16,12817.95002
136,2013-05-17,13951.48502
137,2013-05-18,21223.544
138,2013-05-19,23956.155002
139,2013-05-20,15581.664
140,2013-05-21,11873.809991
141,2013-05-22,12103.273998
142,2013-05-23,12515.635
143,2013-05-24,17072.126002
144,2013-05-25,17873.054969999997
145,2013-05-26,20801.937995
146,2013-05-27,14161.26598
147,2013-05-28,12646.522000999998
148,2013-05-29,14042.257000000001
149,2013-05-30,12925.467
150,2013-05-31,14022.897980000002
151,2013-06-01,24683.657
152,2013-06-02,30093.674
153,2013-06-03,18640.248
154,2013-06-04,15536.582999999999
155,2013-06-05,16756.746
156,2013-06-06,13028.743999999999
157,2013-06-07,17047.826
158,2013-06-08,19622.324
159,2013-06-09,25184.785979
160,2013-06-10,14545.202999000001
161,2013-06-11,12210.01201
162,2013-06-12,13899.284
163,2013-06-13,11177.147034
164,2013-06-14,14700.621991
165,2013-06-15,21911.44
166,2013-06-16,22151.03399
167,2013-06-17,16019.133989999998
168,2013-06-18,13024.394019
169,2013-06-19,14270.310000000001
170,2013-06-20,13016.247999
171,2013-06-21,14154.744999999999
172,2013-06-22,19038.786
173,2013-06-23,25739.650990000002
174,2013-06-24,15204.980001
175,2013-06-25,13291.930996
176,2013-06-26,13246.43398
177,2013-06-27,11021.071
178,2013-06-28,13453.119981
179,2013-06-29,21262.002
180,2013-06-30,25572.496005
181,2013-07-01,19308.17
182,2013-07-02,16440.00101
183,2013-07-03,17700.641994
184,2013-07-04,13223.931015
185,2013-07-05,14903.41702
186,2013-07-06,20625.888001
187,2013-07-07,23175.041960000002
188,2013-07-08,15424.83298
189,2013-07-09,12885.637999999999
190,2013-07-10,13384.002
191,2013-07-11,11524.170030000001
192,2013-07-12,13802.003
193,2013-07-13,19404.12
194,2013-07-14,19730.54202
195,2013-07-15,14898.417979999998
196,2013-07-16,14782.01903
197,2013-07-17,15016.97698
198,2013-07-18,12023.823
199,2013-07-19,13247.718
200,2013-07-20,18731.44198
201,2013-07-21,21392.557999999997
202,2013-07-22,15604.081
203,2013-07-23,13768.784040999999
204,2013-07-24,13034.338991
205,2013-07-25,12895.82
206,2013-07-26,14031.796021
207,2013-07-27,18700.503
208,2013-07-28,20679.09302
209,2013-07-29,13959.893001
210,2013-07-30,13195.202029
211,2013-07-31,14599.647
212,2013-08-01,16042.661
213,2013-08-02,17032.898
214,2013-08-03,20926.403
215,2013-08-04,22327.841027000002
216,2013-08-05,16827.762000000002
217,2013-08-06,14867.585050000002
218,2013-08-07,14507.061
219,2013-08-08,11299.001
220,2013-08-09,13235.782
221,2013-08-10,16512.387000000002
222,2013-08-11,18667.55
223,2013-08-12,14036.721000000001
224,2013-08-13,12811.993
225,2013-08-14,13464.122
226,2013-08-15,14042.158995
227,2013-08-16,14723.927
228,2013-08-17,17617.88696
229,2013-08-18,20848.86198
230,2013-08-19,14162.42802
231,2013-08-20,14273.853029999998
232,2013-08-21,15408.672
233,2013-08-22,11044.110999
234,2013-08-23,14548.258004
235,2013-08-24,18473.096
236,2013-08-25,20152.56295
237,2013-08-26,14404.88299
238,2013-08-27,12216.932005
239,2013-08-28,14040.124996999999
240,2013-08-29,11312.991999
241,2013-08-30,14542.88997
242,2013-08-31,20188.34
243,2013-09-01,29126.311008999997
244,2013-09-02,19289.18096
245,2013-09-03,16587.723999
246,2013-09-04,18067.132975
247,2013-09-05,14475.23199
248,2013-09-06,14554.84201
249,2013-09-07,22069.768
250,2013-09-08,26934.607022999997
251,2013-09-09,15473.517979999999
252,2013-09-10,12426.95199
253,2013-09-11,14986.683003999999
254,2013-09-12,10283.296995
255,2013-09-13,14394.262999999999
256,2013-09-14,20039.484999
257,2013-09-15,25954.197
258,2013-09-16,15663.137990000001
259,2013-09-17,13026.870001
260,2013-09-18,13741.66101
261,2013-09-19,11206.58498
262,2013-09-20,14892.244
263,2013-09-21,20307.947998
264,2013-09-22,24178.67
265,2013-09-23,15358.463960000001
266,2013-09-24,13242.057982
267,2013-09-25,13686.944
268,2013-09-26,11841.126001
269,2013-09-27,14661.641
270,2013-09-28,20275.433
271,2013-09-29,27201.001
272,2013-09-30,13900.28402
273,2013-10-01,19209.21702
274,2013-10-02,18329.137
275,2013-10-03,15089.194004
276,2013-10-04,16366.931
277,2013-10-05,23586.243000000002
278,2013-10-06,28297.93503
279,2013-10-07,15722.965996
280,2013-10-08,12164.59902
281,2013-10-09,13315.53199
282,2013-10-10,11551.767
283,2013-10-11,18990.690998000002
284,2013-10-12,17303.856978
285,2013-10-13,23281.66298
286,2013-10-14,12997.076000000001
287,2013-10-15,13026.115
288,2013-10-16,14755.009
289,2013-10-17,12499.788
290,2013-10-18,14562.832989999999
291,2013-10-19,21829.891
292,2013-10-20,26922.013997000002
293,2013-10-21,14419.247004
294,2013-10-22,12796.878
295,2013-10-23,15356.654989999999
296,2013-10-24,11855.315999499999
297,2013-10-25,14122.79
298,2013-10-26,19334.754999999997
299,2013-10-27,25856.958
300,2013-10-28,13752.307
301,2013-10-29,12412.646983
302,2013-10-30,13111.707
303,2013-10-31,12906.734
304,2013-11-01,16975.979
305,2013-11-02,24647.544
306,2013-11-03,30717.422029999998
307,2013-11-04,17449.894999
308,2013-11-05,16635.879001
309,2013-11-06,17287.537996
310,2013-11-07,13021.873995
311,2013-11-08,14636.858023
312,2013-11-09,21231.082000000002
313,2013-11-10,29666.464
314,2013-11-11,16159.298975000002
315,2013-11-12,14420.796999999999
316,2013-11-13,15724.956996
317,2013-11-14,11616.93502
318,2013-11-15,14730.273
319,2013-11-16,21904.35802
320,2013-11-17,28349.448999
321,2013-11-18,16533.925
322,2013-11-19,13475.929001
323,2013-11-20,16349.940005
324,2013-11-21,12891.318
325,2013-11-22,15359.536
326,2013-11-23,21452.847999999998
327,2013-11-24,27164.669
328,2013-11-25,15770.993999
329,2013-11-26,14891.457999999999
330,2013-11-27,15108.28
331,2013-11-28,12191.921024
332,2013-11-29,13654.988015
333,2013-11-30,22861.706
334,2013-12-01,32806.470031
335,2013-12-02,20809.802
336,2013-12-03,16646.876
337,2013-12-04,18496.120999
338,2013-12-05,15274.053999
339,2013-12-06,18319.89801
340,2013-12-07,22327.19298
341,2013-12-08,25963.54603
342,2013-12-09,17373.907985
343,2013-12-10,15543.233
344,2013-12-11,17953.373
345,2013-12-12,14600.225999
346,2013-12-13,16608.76798
347,2013-12-14,22163.793019999997
348,2013-12-15,28455.791999999998
349,2013-12-16,21055.727
350,2013-12-17,19184.381999
351,2013-12-18,19114.658
352,2013-12-19,19672.235999
353,2013-12-20,22314.140854999998
354,2013-12-21,26570.149980000002
355,2013-12-22,30856.6949
356,2013-12-23,37411.96606
357,2013-12-24,29645.747995
358,2013-12-26,18238.124998
359,2013-12-27,20273.541
360,2013-12-28,21088.746
361,2013-12-29,19193.24501
362,2013-12-30,25836.409
363,2013-12-31,24841.754
364,2014-01-01,0.0
365,2014-01-02,34859.397
366,2014-01-03,31194.3328
367,2014-01-04,41179.365900000004
368,2014-01-05,47009.633019999994
369,2014-01-06,24729.033994999998
370,2014-01-07,23226.47
371,2014-01-08,29713.513898
372,2014-01-09,21850.684
373,2014-01-10,23911.142724999998
374,2014-01-11,35605.09487
375,2014-01-12,43727.312999999995
376,2014-01-13,24175.725015
377,2014-01-14,21604.075
378,2014-01-15,26586.991094999998
379,2014-01-16,21256.853994999998
380,2014-01-17,23884.747150000003
381,2014-01-18,36018.565
382,2014-01-19,44707.215
383,2014-01-20,24841.767
384,2014-01-21,22488.7391
385,2014-01-22,25362.63132
386,2014-01-23,22015.148995
387,2014-01-24,23470.703195000002
388,2014-01-25,33708.66601
389,2014-01-26,42622.41597
390,2014-01-27,23231.184
391,2014-01-28,19989.980003999997
392,2014-01-29,22512.021098999998
393,2014-01-30,17865.80291
394,2014-01-31,23608.0034
395,2014-02-01,26893.749001999997
396,2014-02-02,27827.241003
397,2014-02-03,19802.47
398,2014-02-04,16447.78698
399,2014-02-05,17110.636001
400,2014-02-06,13996.518006
401,2014-02-07,15866.1961
402,2014-02-08,21604.806001999998
403,2014-02-09,23172.60301
404,2014-02-10,16979.134000000002
405,2014-02-11,14244.545995
406,2014-02-12,16687.441
407,2014-02-13,14568.714979999999
408,2014-02-14,15478.944604
409,2014-02-15,22684.662
410,2014-02-16,29881.53
411,2014-02-17,17831.285
412,2014-02-18,16114.908
413,2014-02-19,15168.43199
414,2014-02-20,13005.527
415,2014-02-21,15222.3092
416,2014-02-22,22971.654000000002
417,2014-02-23,25183.068
418,2014-02-24,19140.506003000002
419,2014-02-25,14070.214
420,2014-02-26,15421.555
421,2014-02-27,11940.173
422,2014-02-28,15593.404900000001
423,2014-03-01,35731.6699
424,2014-03-02,27290.983
425,2014-03-03,27612.124002
426,2014-03-04,40705.931002
427,2014-03-05,30619.1084
428,2014-03-06,23831.48897
429,2014-03-07,25865.9612
430,2014-03-08,31711.203009999997
431,2014-03-09,47287.947
432,2014-03-10,24187.12997
433,2014-03-11,22918.565995
434,2014-03-12,25078.6622
435,2014-03-13,18741.015
436,2014-03-14,21631.333003
437,2014-03-15,30160.49698
438,2014-03-16,47634.102
439,2014-03-17,26780.64497
440,2014-03-18,21828.999
441,2014-03-19,27106.306599
442,2014-03-20,19568.136009
443,2014-03-21,24677.8802
444,2014-03-22,32636.131999999998
445,2014-03-23,44327.763999999996
446,2014-03-24,25985.413
447,2014-03-25,21617.8339805
448,2014-03-26,27388.28862
449,2014-03-27,18468.947
450,2014-03-28,23146.824699999997
451,2014-03-29,35990.475000000006
452,2014-03-30,42790.756
453,2014-03-31,27755.627998
454,2014-04-01,21310.734997
455,2014-04-02,21139.883
456,2014-04-03,14767.294
457,2014-04-04,18188.80679
458,2014-04-05,27697.909
459,2014-04-06,31638.591
460,2014-04-07,17531.795017999997
461,2014-04-08,16475.59902
462,2014-04-09,17035.860015
463,2014-04-10,14021.633999999998
464,2014-04-11,16283.91989
465,2014-04-12,22540.59
466,2014-04-13,28915.224000000002
467,2014-04-14,16749.84
468,2014-04-15,15215.28099
469,2014-04-16,17871.656998
470,2014-04-17,17530.283
471,2014-04-18,17109.6567
472,2014-04-19,20687.347999999998
473,2014-04-20,27336.447
474,2014-04-21,16585.21201
475,2014-04-22,15615.983002
476,2014-04-23,18024.509020999998
477,2014-04-24,14055.777999999998
478,2014-04-25,16315.445899999999
479,2014-04-26,22502.211969999997
480,2014-04-27,28385.274993
481,2014-04-28,16732.46398
482,2014-04-29,13633.801
483,2014-04-30,14303.215
484,2014-05-01,23339.266
485,2014-05-02,18747.4312
486,2014-05-03,28047.427032
487,2014-05-04,30985.774
488,2014-05-05,17581.303
489,2014-05-06,15910.286970000001
490,2014-05-07,18280.566
491,2014-05-08,11627.063
492,2014-05-09,16657.834601000002
493,2014-05-10,25178.868997999998
494,2014-05-11,21613.09797
495,2014-05-12,16873.521002
496,2014-05-13,15922.843002000001
497,2014-05-14,17610.380984
498,2014-05-15,13288.706
499,2014-05-16,17331.799
500,2014-05-17,23453.365992
501,2014-05-18,30135.537
502,2014-05-19,17196.967003
503,2014-05-20,16084.211978
504,2014-05-21,15742.257000000001
505,2014-05-22,13127.518005
506,2014-05-23,14558.2723
507,2014-05-24,24248.70699
508,2014-05-25,28874.39099
509,2014-05-26,18180.388997000002
510,2014-05-27,14357.039043
511,2014-05-28,15008.359999
512,2014-05-29,13062.88598
513,2014-05-30,15863.146003000002
514,2014-05-31,24400.336000000003
515,2014-06-01,33742.26
516,2014-06-02,22329.396002
517,2014-06-03,19235.543998
518,2014-06-04,19061.79298
519,2014-06-05,14930.713979999999
520,2014-06-06,17456.27813
521,2014-06-07,23586.890028
522,2014-06-08,29980.464999999997
523,2014-06-09,17446.861
524,2014-06-10,13956.589
525,2014-06-11,16368.376999
526,2014-06-12,13277.893
527,2014-06-13,16806.661099999998
528,2014-06-14,28568.852
529,2014-06-15,22368.061
530,2014-06-16,19582.114999
531,2014-06-17,17306.982004999998
532,2014-06-18,16661.152024
533,2014-06-19,13782.365980999999
534,2014-06-20,18530.89351
535,2014-06-21,22748.201979999998
536,2014-06-22,29092.142050000002
537,2014-06-23,18692.692
538,2014-06-24,14843.813022999999
539,2014-06-25,17390.036055
540,2014-06-26,14108.203001
541,2014-06-27,16033.253996
542,2014-06-28,22744.193997000002
543,2014-06-29,27235.346002
544,2014-06-30,17261.442981
545,2014-07-01,30424.913996000003
546,2014-07-02,34630.487003
547,2014-07-03,23923.67802
548,2014-07-04,25337.261998
549,2014-07-05,34780.94311
550,2014-07-06,44592.905978
551,2014-07-07,28166.58598
552,2014-07-08,24651.661
553,2014-07-09,25810.834020000002
554,2014-07-10,20535.728020000002
555,2014-07-11,23237.564032000002
556,2014-07-12,34534.855
557,2014-07-13,36102.04
558,2014-07-14,23510.968
559,2014-07-15,23049.420996
560,2014-07-16,29194.758016
561,2014-07-17,21792.070018
562,2014-07-18,23367.2041
563,2014-07-19,31162.457000000002
564,2014-07-20,37796.102028
565,2014-07-21,25410.317968000003
566,2014-07-22,23411.924
567,2014-07-23,29630.543
568,2014-07-24,19793.07
569,2014-07-25,23289.699999999997
570,2014-07-26,28212.129999999997
571,2014-07-27,34066.95201
572,2014-07-28,25523.059005000003
573,2014-07-29,21481.3711
574,2014-07-30,25340.844021
575,2014-07-31,19540.744999000002
576,2014-08-01,21271.491993
577,2014-08-02,25417.063000000002
578,2014-08-03,27336.746
579,2014-08-04,19212.37102
580,2014-08-05,17143.488
581,2014-08-06,16079.239002
582,2014-08-07,14040.501
583,2014-08-08,16746.92
584,2014-08-09,19563.008
585,2014-08-10,22067.953
586,2014-08-11,16561.675
587,2014-08-12,14852.895999
588,2014-08-13,17373.61
589,2014-08-14,14499.260000000002
590,2014-08-15,19645.310997
591,2014-08-16,24730.076983
592,2014-08-17,27336.216999999997
593,2014-08-18,18698.680996000003
594,2014-08-19,16173.254
595,2014-08-20,17010.488
596,2014-08-21,14622.36698
597,2014-08-22,16572.022003
598,2014-08-23,21586.40401
599,2014-08-24,24828.050027999998
600,2014-08-25,16476.218999
601,2014-08-26,14201.328
602,2014-08-27,16539.350004
603,2014-08-28,13965.367999
604,2014-08-29,16711.58603
605,2014-08-30,24990.459001
606,2014-08-31,30810.613
607,2014-09-01,36309.4
608,2014-09-02,32076.803997
609,2014-09-03,35039.848
610,2014-09-04,23313.515
611,2014-09-05,26100.294970000003
612,2014-09-06,38839.824957
613,2014-09-07,51509.761042
614,2014-09-08,29117.47903
615,2014-09-09,24289.831
616,2014-09-10,28860.79298
617,2014-09-11,20285.775
618,2014-09-12,24818.25
619,2014-09-13,35064.196999
620,2014-09-14,47344.98300199999
621,2014-09-15,27644.740006
622,2014-09-16,25911.66197
623,2014-09-17,29548.17599
624,2014-09-18,20435.826999999997
625,2014-09-19,23713.428999
626,2014-09-20,35631.04511
627,2014-09-21,48470.521012
628,2014-09-22,26955.348980000002
629,2014-09-23,26428.731002
630,2014-09-24,29633.850010000002
631,2014-09-25,20349.268
632,2014-09-26,22902.243000000002
633,2014-09-27,36368.931
634,2014-09-28,50282.096004
635,2014-09-29,27055.584000000003
636,2014-09-30,24858.234
637,2014-10-01,37705.562999999995
638,2014-10-02,28054.934999999998
639,2014-10-03,29453.188990000002
640,2014-10-04,43436.94999
641,2014-10-05,54034.259
642,2014-10-06,28090.727
643,2014-10-07,25703.120000000003
644,2014-10-08,27905.878996
645,2014-10-09,18391.214
646,2014-10-10,30430.40799
647,2014-10-11,32189.313996999997
648,2014-10-12,39872.30598999999
649,2014-10-13,26941.262020000002
650,2014-10-14,21468.096980000002
651,2014-10-15,27910.744010000002
652,2014-10-16,22766.8861
653,2014-10-17,23936.215
654,2014-10-18,36825.532
655,2014-10-19,47087.354999999996
656,2014-10-20,29519.8
657,2014-10-21,21721.159
658,2014-10-22,26804.662986000003
659,2014-10-23,21811.693
660,2014-10-24,23705.248974000002
661,2014-10-25,34434.395000000004
662,2014-10-26,45032.501000000004
663,2014-10-27,24344.655
664,2014-10-28,21140.450979
665,2014-10-29,24298.98498
666,2014-10-30,17713.086001
667,2014-10-31,24285.982995
668,2014-11-01,34406.024894999995
669,2014-11-02,29196.213
670,2014-11-03,48420.482988
671,2014-11-04,28874.786029999996
672,2014-11-05,32565.059
673,2014-11-06,21979.968004
674,2014-11-07,25351.236
675,2014-11-08,35382.75803
676,2014-11-09,45041.013
677,2014-11-10,26936.099004
678,2014-11-11,22145.07
679,2014-11-12,26427.045980000003
680,2014-11-13,18687.67798
681,2014-11-14,23754.888011000003
682,2014-11-15,34385.947012000004
683,2014-11-16,47396.65101
684,2014-11-17,28134.023999999998
685,2014-11-18,22656.817
686,2014-11-19,24123.466001
687,2014-11-20,21667.264
688,2014-11-21,23995.693009000002
689,2014-11-22,33861.909
690,2014-11-23,48265.301999999996
691,2014-11-24,25507.488004
692,2014-11-25,21403.935000999998
693,2014-11-26,25604.588996
694,2014-11-27,19440.657
695,2014-11-28,22403.386002
696,2014-11-29,34953.71097
697,2014-11-30,49002.818993
698,2014-12-01,34827.575024
699,2014-12-02,29090.205
700,2014-12-03,31550.063000000002
701,2014-12-04,20693.04103
702,2014-12-05,27311.563997999998
703,2014-12-06,32939.06599
704,2014-12-07,49023.599
705,2014-12-08,31045.297002
706,2014-12-09,26257.362
707,2014-12-10,27378.3206
708,2014-12-11,22440.151005
709,2014-12-12,25827.65502
710,2014-12-13,34265.71599
711,2014-12-14,43964.95504
712,2014-12-15,28989.232001
713,2014-12-16,28165.81912
714,2014-12-17,31898.144905
715,2014-12-18,25821.655
716,2014-12-19,31501.128019999996
717,2014-12-20,37010.39697
718,2014-12-21,45999.895000000004
719,2014-12-22,40462.34
720,2014-12-23,40300.25202
721,2014-12-24,41078.229999999996
722,2014-12-26,31492.98597
723,2014-12-27,29307.73002
724,2014-12-28,29590.194003999997
725,2014-12-29,27316.57503
726,2014-12-30,33152.13396
727,2014-12-31,37054.873
728,2015-01-01,0.0
729,2015-01-02,26299.287
730,2015-01-03,25792.868000000002
731,2015-01-04,34383.874
732,2015-01-05,23359.109002
733,2015-01-06,20580.170019999998
734,2015-01-07,21780.069
735,2015-01-08,16365.802020000001
736,2015-01-09,18200.814968
737,2015-01-10,24844.417999999998
738,2015-01-11,31991.018020000003
739,2015-01-12,18736.52
740,2015-01-13,15986.571
741,2015-01-14,17178.336024
742,2015-01-15,14629.65598
743,2015-01-16,17035.015
744,2015-01-17,27306.539
745,2015-01-18,31890.710016
746,2015-01-19,18991.369998
747,2015-01-20,16660.829
748,2015-01-21,18194.79701
749,2015-01-22,14909.704000000002
750,2015-01-23,16763.340060000002
751,2015-01-24,26807.917009999997
752,2015-01-25,31376.89802
753,2015-01-26,17649.944987000003
754,2015-01-27,14683.756
755,2015-01-28,15959.912
756,2015-01-29,13242.849999999999
757,2015-01-30,17204.094006
758,2015-01-31,27743.479968
759,2015-02-01,38310.075
760,2015-02-02,21829.502999999997
761,2015-02-03,18936.6
762,2015-02-04,19848.008002000002
763,2015-02-05,16219.907019999999
764,2015-02-06,17765.62004
765,2015-02-07,23081.689
766,2015-02-08,26208.446007
767,2015-02-09,20975.828003000002
768,2015-02-10,14347.79898
769,2015-02-11,16167.917995
770,2015-02-12,12957.944
771,2015-02-13,16565.47803
772,2015-02-14,18613.17398
773,2015-02-15,16629.069999
774,2015-02-16,16910.73502
775,2015-02-17,22796.538
776,2015-02-18,17765.07896
777,2015-02-19,15359.504
778,2015-02-20,18879.59104
779,2015-02-21,22205.279004
780,2015-02-22,32712.786910000003
781,2015-02-23,16954.336950999997
782,2015-02-24,16529.203999999998
783,2015-02-25,17642.940005
784,2015-02-26,14219.325
785,2015-02-27,17647.054004
786,2015-02-28,25216.264026999997
787,2015-03-01,36953.475999999995
788,2015-03-02,21130.231021
789,2015-03-03,19918.201
790,2015-03-04,19305.656000000003
791,2015-03-05,15168.949006
792,2015-03-06,17229.178958
793,2015-03-07,28098.964
794,2015-03-08,31019.415
795,2015-03-09,19674.782996
796,2015-03-10,19089.623
797,2015-03-11,18217.333995
798,2015-03-12,15012.31402
799,2015-03-13,16913.001
800,2015-03-14,25754.01597
801,2015-03-15,31430.211004999997
802,2015-03-16,18606.22898
803,2015-03-17,15814.817000000001
804,2015-03-18,17161.851982
805,2015-03-19,14867.631000000001
806,2015-03-20,17120.354
807,2015-03-21,26026.763996
808,2015-03-22,30547.957
809,2015-03-23,18579.427
810,2015-03-24,14876.728996999998
811,2015-03-25,16969.735999999997
812,2015-03-26,13348.432
813,2015-03-27,18362.409996000002
814,2015-03-28,25775.974000000002
815,2015-03-29,30597.098982
816,2015-03-30,16520.521
817,2015-03-31,17001.705022000002
818,2015-04-01,21135.458978000002
819,2015-04-02,19030.856
820,2015-04-03,20293.48399
821,2015-04-04,25189.05197
822,2015-04-05,30242.653
823,2015-04-06,20690.321
824,2015-04-07,17661.19099
825,2015-04-08,19124.262000000002
826,2015-04-09,14669.687
827,2015-04-10,17035.068030000002
828,2015-04-11,24561.851003
829,2015-04-12,31233.962002
830,2015-04-13,17349.888
831,2015-04-14,14632.123998
832,2015-04-15,17441.964
833,2015-04-16,15415.909
834,2015-04-17,17259.046022000002
835,2015-04-18,24986.339992
836,2015-04-19,30745.108999999997
837,2015-04-20,22269.879
838,2015-04-21,16890.303
839,2015-04-22,17575.02902
840,2015-04-23,14064.94498
841,2015-04-24,17645.14
842,2015-04-25,24607.31
843,2015-04-26,30545.51197
844,2015-04-27,17421.37702
845,2015-04-28,14098.871
846,2015-04-29,15645.773000000001
847,2015-04-30,14718.546995
848,2015-05-01,25489.146
849,2015-05-02,26569.705
850,2015-05-03,32873.6971
851,2015-05-04,22161.798015
852,2015-05-05,18734.778999000002
853,2015-05-06,20523.17301
854,2015-05-07,15789.419000999998
855,2015-05-08,18714.298985
856,2015-05-09,29297.357998
857,2015-05-10,25065.558004
858,2015-05-11,21558.940000000002
859,2015-05-12,18317.521
860,2015-05-13,19055.688002
861,2015-05-14,15749.602
862,2015-05-15,19204.152000000002
863,2015-05-16,26966.811
864,2015-05-17,34753.49211
865,2015-05-18,19005.625
866,2015-05-19,16658.951
867,2015-05-20,22831.492
868,2015-05-21,15022.769004
869,2015-05-22,19047.10903
870,2015-05-23,25791.032002
871,2015-05-24,33402.992
872,2015-05-25,22227.248002
873,2015-05-26,18215.601
874,2015-05-27,20956.721000999998
875,2015-05-28,15222.053
876,2015-05-29,20468.587001
877,2015-05-30,32177.74904
878,2015-05-31,42185.382978
879,2015-06-01,32664.356
880,2015-06-02,28178.825
881,2015-06-03,32200.769002
882,2015-06-04,24025.527000000002
883,2015-06-05,25048.210003
884,2015-06-06,39116.16502
885,2015-06-07,48179.772012
886,2015-06-08,27333.224000000002
887,2015-06-09,23098.489995
888,2015-06-10,28666.6839
889,2015-06-11,19176.669
890,2015-06-12,24215.91498
891,2015-06-13,34093.17
892,2015-06-14,45271.719
893,2015-06-15,27590.641
894,2015-06-16,25475.865003
895,2015-06-17,29092.668002
896,2015-06-18,20885.959000000003
897,2015-06-19,25267.127995
898,2015-06-20,38668.71801
899,2015-06-21,37043.80003
900,2015-06-22,30774.305
901,2015-06-23,26219.331996
902,2015-06-24,29244.769
903,2015-06-25,21220.994
904,2015-06-26,25132.6449
905,2015-06-27,33585.432084
906,2015-06-28,46123.266
907,2015-06-29,26348.42698
908,2015-06-30,24659.84304
909,2015-07-01,35788.386979999996
910,2015-07-02,27803.245004
911,2015-07-03,31581.991025
912,2015-07-04,43719.411997999996
913,2015-07-05,44205.079
914,2015-07-06,30197.037999
915,2015-07-07,19128.74802
916,2015-07-08,31666.63398
917,2015-07-09,24242.581001
918,2015-07-10,26644.966005000002
919,2015-07-11,31635.197
920,2015-07-12,38217.3
921,2015-07-13,24935.017981999998
922,2015-07-14,22123.312980000002
923,2015-07-15,26602.593
924,2015-07-16,23359.473984999997
925,2015-07-17,25892.391994999998
926,2015-07-18,34473.42
927,2015-07-19,39555.99799
928,2015-07-20,26024.536003
929,2015-07-21,23778.939998
930,2015-07-22,26091.906
931,2015-07-23,20665.100005
932,2015-07-24,26147.769
933,2015-07-25,32093.646998000004
934,2015-07-26,37081.982
935,2015-07-27,24906.451018
936,2015-07-28,21241.439998
937,2015-07-29,24699.870982
938,2015-07-30,20714.649017000003
939,2015-07-31,25485.977001
940,2015-08-01,38122.16299
941,2015-08-02,41635.602979999996
942,2015-08-03,30169.161
943,2015-08-04,27766.807999999997
944,2015-08-05,28611.577996
945,2015-08-06,20110.27502
946,2015-08-07,25420.724000000002
947,2015-08-08,28730.743005000004
948,2015-08-09,24458.549103
949,2015-08-10,31317.555999999997
950,2015-08-11,24712.247979
951,2015-08-12,27790.117879999998
952,2015-08-13,23628.50198
953,2015-08-14,27423.73
954,2015-08-15,35810.570999999996
955,2015-08-16,36712.665997
956,2015-08-17,26882.838995
957,2015-08-18,22485.649025
958,2015-08-19,25869.373978000003
959,2015-08-20,21145.264020000002
960,2015-08-21,26265.726000000002
961,2015-08-22,30710.894002
962,2015-08-23,34944.7981
963,2015-08-24,26656.020022999997
964,2015-08-25,23450.398979999998
965,2015-08-26,26359.363989999998
966,2015-08-27,19537.86799
967,2015-08-28,25921.739004
968,2015-08-29,30836.925997
969,2015-08-30,41000.538029999996
970,2015-08-31,28987.213000000003
971,2015-09-01,31692.29297
972,2015-09-02,34633.26902
973,2015-09-03,28041.148999999998
974,2015-09-04,29052.785000000003
975,2015-09-05,39664.45796
976,2015-09-06,51399.578
977,2015-09-07,29364.757999999998
978,2015-09-08,26022.603000000003
979,2015-09-09,28878.327
980,2015-09-10,20136.012000000002
981,2015-09-11,25432.558995
982,2015-09-12,38050.773
983,2015-09-13,47050.228
984,2015-09-14,26227.782996
985,2015-09-15,24798.806
986,2015-09-16,31029.682
987,2015-09-17,21712.102996
988,2015-09-18,24726.837981
989,2015-09-19,38430.895000000004
990,2015-09-20,48384.978
991,2015-09-21,28393.489999999998
992,2015-09-22,25118.980996
993,2015-09-23,29012.404000000002
994,2015-09-24,21585.654979
995,2015-09-25,26958.036
996,2015-09-26,37396.73414
997,2015-09-27,49016.921
998,2015-09-28,26600.795
999,2015-09-29,23718.43502
1000,2015-09-30,29743.29
1001,2015-10-01,28037.362
1002,2015-10-02,33302.257993
1003,2015-10-03,46644.561
1004,2015-10-04,56167.628
1005,2015-10-05,31625.707995999997
1006,2015-10-06,26071.351977
1007,2015-10-07,29791.491
1008,2015-10-08,22700.403001
1009,2015-10-09,32844.45
1010,2015-10-10,34094.916999
1011,2015-10-11,43642.55897
1012,2015-10-12,27100.041958
1013,2015-10-13,22285.486
1014,2015-10-14,27736.983
1015,2015-10-15,21215.328
1016,2015-10-16,26098.116029999997
1017,2015-10-17,38025.168999999994
1018,2015-10-18,49271.36498
1019,2015-10-19,30797.715000000004
1020,2015-10-20,26241.854003
1021,2015-10-21,28150.78998
1022,2015-10-22,20634.301
1023,2015-10-23,26835.559999999998
1024,2015-10-24,38728.384999999995
1025,2015-10-25,46253.581000000006
1026,2015-10-26,26482.757000999998
1027,2015-10-27,22542.629999999997
1028,2015-10-28,26881.639995999998
1029,2015-10-29,18118.727015
1030,2015-10-30,24032.57
1031,2015-10-31,32106.736
1032,2015-11-01,29719.402000000002
1033,2015-11-02,31187.038
1034,2015-11-03,44999.515
1035,2015-11-04,33341.936021
1036,2015-11-05,23748.599000000002
1037,2015-11-06,26547.740999
1038,2015-11-07,36538.869
1039,2015-11-08,51240.375996999996
1040,2015-11-09,27842.89295
1041,2015-11-10,24011.809
1042,2015-11-11,27585.965
1043,2015-11-12,20677.403
1044,2015-11-13,25112.698003999998
1045,2015-11-14,36867.21298
1046,2015-11-15,48028.21201
1047,2015-11-16,27860.894999999997
1048,2015-11-17,25878.65601
1049,2015-11-18,27874.23
1050,2015-11-19,20490.067019000002
1051,2015-11-20,27421.587010000003
1052,2015-11-21,37072.97401
1053,2015-11-22,46862.066
1054,2015-11-23,28754.225
1055,2015-11-24,23480.925
1056,2015-11-25,29102.741
1057,2015-11-26,21195.404995999997
1058,2015-11-27,24459.444026
1059,2015-11-28,30497.627996000003
1060,2015-11-29,48045.53697
1061,2015-11-30,31613.17197
1062,2015-12-01,31549.844998
1063,2015-12-02,34532.583
1064,2015-12-03,23208.791
1065,2015-12-04,27995.926996000002
1066,2015-12-05,39011.30098
1067,2015-12-06,51817.108
1068,2015-12-07,33377.836021
1069,2015-12-08,26934.499985
1070,2015-12-09,29632.429996
1071,2015-12-10,21594.888
1072,2015-12-11,26752.612
1073,2015-12-12,33259.014005
1074,2015-12-13,44977.34403
1075,2015-12-14,31604.548000000003
1076,2015-12-15,28227.098
1077,2015-12-16,35856.29103
1078,2015-12-17,28484.387000000002
1079,2015-12-18,32731.329996
1080,2015-12-19,41907.78598
1081,2015-12-20,49223.26899
1082,2015-12-21,38352.615006
1083,2015-12-22,41654.237
1084,2015-12-23,47184.117
1085,2015-12-24,43965.36898
1086,2015-12-26,34162.177
1087,2015-12-27,33789.657
1088,2015-12-28,29465.684999999998
1089,2015-12-29,32573.10097
1090,2015-12-30,40917.651018000004
1091,2015-12-31,40291.3871
1092,2016-01-01,0.0
1093,2016-01-02,38650.81
1094,2016-01-03,55669.008
1095,2016-01-04,38572.827999999994
1096,2016-01-05,32066.471975
1097,2016-01-06,35780.4969
1098,2016-01-07,26782.064018999998
1099,2016-01-08,30400.332045
1100,2016-01-09,41669.7731
1101,2016-01-10,51254.202996
1102,2016-01-11,28585.988019999997
1103,2016-01-12,25133.77302
1104,2016-01-13,27833.246
1105,2016-01-14,21354.149976
1106,2016-01-15,26815.111
1107,2016-01-16,41502.955
1108,2016-01-17,49829.518033
1109,2016-01-18,30357.922001
1110,2016-01-19,24199.478899
1111,2016-01-20,32918.42600000001
1112,2016-01-21,22014.514005
1113,2016-01-22,26524.076
1114,2016-01-23,40385.00897
1115,2016-01-24,50036.08997
1116,2016-01-25,28351.932
1117,2016-01-26,24452.401096
1118,2016-01-27,27954.370020000002
1119,2016-01-28,20734.638
1120,2016-01-29,28120.656
1121,2016-01-30,40148.821998
1122,2016-01-31,52020.281
1123,2016-02-01,36385.73297
1124,2016-02-02,28203.242
1125,2016-02-03,32799.832
1126,2016-02-04,23381.318
1127,2016-02-05,26668.58801
1128,2016-02-06,33952.722
1129,2016-02-07,27023.607
1130,2016-02-08,27410.27208
1131,2016-02-09,34711.196996
1132,2016-02-10,29372.880978
1133,2016-02-11,23367.691
1134,2016-02-12,26363.788
1135,2016-02-13,35851.532
1136,2016-02-14,44855.391
1137,2016-02-15,33426.094
1138,2016-02-16,29909.482
1139,2016-02-17,33050.87098
1140,2016-02-18,21750.292
1141,2016-02-19,26700.968002
1142,2016-02-20,35581.24698
1143,2016-02-21,49564.17001
1144,2016-02-22,28254.34104
1145,2016-02-23,26276.874
1146,2016-02-24,28175.788
1147,2016-02-25,22239.178
1148,2016-02-26,25767.785904
1149,2016-02-27,40329.84907
1150,2016-02-28,47710.261998
1151,2016-02-29,29449.778996
1152,2016-03-01,33170.73702
1153,2016-03-02,36459.821
1154,2016-03-03,25198.269999
1155,2016-03-04,30087.551968
1156,2016-03-05,42890.11103
1157,2016-03-06,50158.21
1158,2016-03-07,29381.439002000003
1159,2016-03-08,24255.483995000002
1160,2016-03-09,28099.353999
1161,2016-03-10,22116.650004000003
1162,2016-03-11,26994.147001999998
1163,2016-03-12,37215.54
1164,2016-03-13,46961.673997
1165,2016-03-14,27128.595999999998
1166,2016-03-15,24007.258
1167,2016-03-16,31363.367000000002
1168,2016-03-17,21931.683003
1169,2016-03-18,27763.833
1170,2016-03-19,35800.117002
1171,2016-03-20,43471.61
1172,2016-03-21,27579.89
1173,2016-03-22,23915.227001
1174,2016-03-23,31035.902000000002
1175,2016-03-24,27703.778
1176,2016-03-25,27310.881
1177,2016-03-26,32239.931001999998
1178,2016-03-27,42725.590970000005
1179,2016-03-28,26347.781002
1180,2016-03-29,24213.245000000003
1181,2016-03-30,26048.179002
1182,2016-03-31,25010.953
1183,2016-04-01,31414.278
1184,2016-04-02,45838.07496
1185,2016-04-03,55160.161967
1186,2016-04-04,31005.26198
1187,2016-04-05,26824.189002
1188,2016-04-06,31702.718979999998
1189,2016-04-07,23357.47602
1190,2016-04-08,28594.562019999998
1191,2016-04-09,38311.519
1192,2016-04-10,49018.66
1193,2016-04-11,25028.085022
1194,2016-04-12,26123.482001
1195,2016-04-13,28608.364
1196,2016-04-14,20417.356011
1197,2016-04-15,25606.727
1198,2016-04-16,37920.628
1199,2016-04-17,63901.361
1200,2016-04-18,46065.602001
1201,2016-04-19,43234.77298
1202,2016-04-20,43133.015001
1203,2016-04-21,31733.631
1204,2016-04-22,33723.937999999995
1205,2016-04-23,42473.55797
1206,2016-04-24,46871.97801
1207,2016-04-25,26791.665999999997
1208,2016-04-26,22690.637
1209,2016-04-27,28490.205998999998
1210,2016-04-28,20341.470999999998
1211,2016-04-29,26265.685032
1212,2016-04-30,40186.33500000001
1213,2016-05-01,52411.3699
1214,2016-05-02,36928.007
1215,2016-05-03,29219.027998
1216,2016-05-04,31325.716003999998
1217,2016-05-05,22986.750998000003
1218,2016-05-06,27339.905
1219,2016-05-07,41202.426018
1220,2016-05-08,37030.651
1221,2016-05-09,30566.001004
1222,2016-05-10,24033.718
1223,2016-05-11,30438.486000000004
1224,2016-05-12,21473.845999999998
1225,2016-05-13,25514.444
1226,2016-05-14,35269.79
1227,2016-05-15,46727.579026
1228,2016-05-16,30746.134
1229,2016-05-17,24955.17
1230,2016-05-18,31291.72
1231,2016-05-19,20687.611004
1232,2016-05-20,28888.169
1233,2016-05-21,37179.3231
1234,2016-05-22,45514.658002
1235,2016-05-23,29258.270040000003
1236,2016-05-24,22126.647
1237,2016-05-25,24980.592
1238,2016-05-26,21577.227
1239,2016-05-27,36255.693
1240,2016-05-28,31827.307
1241,2016-05-29,42180.178
1242,2016-05-30,31373.47498
1243,2016-05-31,38095.67
1244,2016-06-01,32727.813018
1245,2016-06-02,22782.936005
1246,2016-06-03,28572.86603
1247,2016-06-04,39419.9369
1248,2016-06-05,49972.551002
1249,2016-06-06,32327.49798
1250,2016-06-07,23958.257006
1251,2016-06-08,30826.564929
1252,2016-06-09,19222.145
1253,2016-06-10,25946.474015
1254,2016-06-11,34442.39398
1255,2016-06-12,44973.33
1256,2016-06-13,27933.1781
1257,2016-06-14,24683.665024
1258,2016-06-15,30191.15398
1259,2016-06-16,26068.84902
1260,2016-06-17,28275.519
1261,2016-06-18,40342.367004
1262,2016-06-19,38918.07
1263,2016-06-20,29872.581
1264,2016-06-21,27004.682
1265,2016-06-22,29635.526999
1266,2016-06-23,22131.35
1267,2016-06-24,25330.441998000002
1268,2016-06-25,35651.286
1269,2016-06-26,46509.082001999996
1270,2016-06-27,26886.256010999998
1271,2016-06-28,21178.817999
1272,2016-06-29,27805.545
1273,2016-06-30,20331.135000000002
1274,2016-07-01,33197.185005
1275,2016-07-02,39908.03
1276,2016-07-03,46637.746
1277,2016-07-04,29807.612
1278,2016-07-05,26072.625
1279,2016-07-06,29221.956016
1280,2016-07-07,24387.359
1281,2016-07-08,26943.42503
1282,2016-07-09,32994.644
1283,2016-07-10,39436.03
1284,2016-07-11,26201.597997999997
1285,2016-07-12,23220.985
1286,2016-07-13,26737.17803
1287,2016-07-14,20165.309999999998
1288,2016-07-15,26533.46
1289,2016-07-16,35954.817
1290,2016-07-17,38916.359
1291,2016-07-18,27481.377
1292,2016-07-19,22377.290979999998
1293,2016-07-20,30898.09701
1294,2016-07-21,22251.737999999998
1295,2016-07-22,26238.23403
1296,2016-07-23,31646.406
1297,2016-07-24,38538.62701
1298,2016-07-25,26877.158000000003
1299,2016-07-26,21944.247996
1300,2016-07-27,27323.64202
1301,2016-07-28,20129.482019
1302,2016-07-29,28222.788999999997
1303,2016-07-30,35495.985002
1304,2016-07-31,39299.91799
1305,2016-08-01,32206.112
1306,2016-08-02,26901.315000000002
1307,2016-08-03,29022.685
1308,2016-08-04,22415.531
1309,2016-08-05,29249.130900000004
1310,2016-08-06,31608.218977999997
1311,2016-08-07,36171.132
1312,2016-08-08,25916.804998
1313,2016-08-09,21557.201
1314,2016-08-10,25643.9621
1315,2016-08-11,22127.724986
1316,2016-08-12,26408.327
1317,2016-08-13,25767.577
1318,2016-08-14,30934.7091
1319,2016-08-15,26566.684999999998
1320,2016-08-16,27114.817000000003
1321,2016-08-17,29928.076
1322,2016-08-18,20698.347
1323,2016-08-19,26844.17899
1324,2016-08-20,33053.076998
1325,2016-08-21,35335.038
1326,2016-08-22,26719.350004
1327,2016-08-23,25037.35198
1328,2016-08-24,28037.294
1329,2016-08-25,21935.31708
1330,2016-08-26,28315.776996
1331,2016-08-27,31311.036
1332,2016-08-28,36644.354999999996
1333,2016-08-29,23513.720999999998
1334,2016-08-30,23159.494999
1335,2016-08-31,26809.468005
1336,2016-09-01,27548.20199
1337,2016-09-02,32329.295924
1338,2016-09-03,39648.538
1339,2016-09-04,46308.608008
1340,2016-09-05,31499.37903
1341,2016-09-06,26341.518001999997
1342,2016-09-07,31157.818980000004
1343,2016-09-08,24671.892999000003
1344,2016-09-09,27672.696995
1345,2016-09-10,37420.384999999995
1346,2016-09-11,46047.545
1347,2016-09-12,27850.05801
1348,2016-09-13,23668.014002000004
1349,2016-09-14,25205.404999
1350,2016-09-15,20471.425
1351,2016-09-16,28008.522004
1352,2016-09-17,36199.334996
1353,2016-09-18,46794.36096
1354,2016-09-19,27746.523
1355,2016-09-20,26137.040995000003
1356,2016-09-21,28457.915985
1357,2016-09-22,20424.454005
1358,2016-09-23,27084.715
1359,2016-09-24,37610.94597
1360,2016-09-25,46029.037979999994
1361,2016-09-26,26816.372998
1362,2016-09-27,22184.606
1363,2016-09-28,26390.300000000003
1364,2016-09-29,20202.848095
1365,2016-09-30,27882.050995999998
1366,2016-10-01,45924.002988
1367,2016-10-02,57557.594002
1368,2016-10-03,33710.0
1369,2016-10-04,29020.307
1370,2016-10-05,31145.8
1371,2016-10-06,24566.316001
1372,2016-10-07,30700.995
1373,2016-10-08,37384.332
1374,2016-10-09,50910.526
1375,2016-10-10,28054.226000000002
1376,2016-10-11,22987.39498
1377,2016-10-12,26485.044
1378,2016-10-13,20112.364
1379,2016-10-14,26800.76898
1380,2016-10-15,36942.59104
1381,2016-10-16,50996.67299000001
1382,2016-10-17,28169.762001
1383,2016-10-18,24050.761004
1384,2016-10-19,28830.389998
1385,2016-10-20,22874.46298
1386,2016-10-21,28335.296000000002
1387,2016-10-22,35503.02498
1388,2016-10-23,49312.455019999994
1389,2016-10-24,25658.811018
1390,2016-10-25,25867.015995
1391,2016-10-26,28555.934999999998
1392,2016-10-27,22043.302996
1393,2016-10-28,25458.386096
1394,2016-10-29,36636.162
1395,2016-10-30,43185.615999999995
1396,2016-10-31,24054.329003
1397,2016-11-01,27858.222
1398,2016-11-02,37977.882
1399,2016-11-03,26969.406001
1400,2016-11-04,32706.809970000002
1401,2016-11-05,34309.06398
1402,2016-11-06,52274.431995
1403,2016-11-07,33912.509099999996
1404,2016-11-08,30059.989999999998
1405,2016-11-09,33310.686
1406,2016-11-10,23226.319
1407,2016-11-11,26796.317000000003
1408,2016-11-12,38524.701944
1409,2016-11-13,55344.251003
1410,2016-11-14,28510.548000000003
1411,2016-11-15,28084.489999999998
1412,2016-11-16,35805.939966
1413,2016-11-17,24001.915999999997
1414,2016-11-18,28102.527000000002
1415,2016-11-19,37769.76
1416,2016-11-20,51058.565
1417,2016-11-21,32221.92998
1418,2016-11-22,25897.70302
1419,2016-11-23,31896.07602
1420,2016-11-24,23907.521
1421,2016-11-25,26260.291
1422,2016-11-26,35355.242002
1423,2016-11-27,46574.840998
1424,2016-11-28,30854.986
1425,2016-11-29,24796.599971
1426,2016-11-30,30195.919
1427,2016-12-01,28223.331
1428,2016-12-02,29439.46499
1429,2016-12-03,41937.633
1430,2016-12-04,53915.238
1431,2016-12-05,31800.411999999997
1432,2016-12-06,37497.21102
1433,2016-12-07,32313.811995999997
1434,2016-12-08,25614.905899999998
1435,2016-12-09,31767.468999999997
1436,2016-12-10,34597.20704
1437,2016-12-11,46139.848
1438,2016-12-12,29993.380001999998
1439,2016-12-13,25198.539996
1440,2016-12-14,29866.185
1441,2016-12-15,26083.244010000002
1442,2016-12-16,32113.506995000003
1443,2016-12-17,39539.68112
1444,2016-12-18,50331.50712
1445,2016-12-19,37038.344979999994
1446,2016-12-20,36822.352020000006
1447,2016-12-21,44785.988005
1448,2016-12-22,37718.84098
1449,2016-12-23,46404.159
1450,2016-12-24,48600.185005
1451,2016-12-26,38530.295
1452,2016-12-27,29224.76595
1453,2016-12-28,34958.57698
1454,2016-12-29,33362.571933
1455,2016-12-30,42116.518
1456,2016-12-31,46149.89202
1457,2017-01-01,0.0
1458,2017-01-02,56806.630000000005
1459,2017-01-03,42744.222805
1460,2017-01-04,40858.42400499999
1461,2017-01-05,28819.18898
1462,2017-01-06,35013.501014
1463,2017-01-07,45131.43999
1464,2017-01-08,52624.422999999995
1465,2017-01-09,31488.329999
1466,2017-01-10,27921.906000000003
1467,2017-01-11,33518.789000000004
1468,2017-01-12,21799.511
1469,2017-01-13,31532.525970000002
1470,2017-01-14,40763.498009999996
1471,2017-01-15,51185.163
1472,2017-01-16,33191.5861
1473,2017-01-17,27109.681019999996
1474,2017-01-18,33735.31798
1475,2017-01-19,22561.961984
1476,2017-01-20,26850.069
1477,2017-01-21,43707.418000000005
1478,2017-01-22,51360.04897
1479,2017-01-23,34794.746992
1480,2017-01-24,27636.064
1481,2017-01-25,31052.976995999998
1482,2017-01-26,21055.524980000002
1483,2017-01-27,32980.593002
1484,2017-01-28,39301.805055
1485,2017-01-29,48819.661
1486,2017-01-30,28238.141996
1487,2017-01-31,26948.497
1488,2017-02-01,37872.844
1489,2017-02-02,27929.123959999997
1490,2017-02-03,33464.002992
1491,2017-02-04,43504.73499
1492,2017-02-05,48327.184022
1493,2017-02-06,29036.742998
1494,2017-02-07,26580.584000000003
1495,2017-02-08,30129.980998
1496,2017-02-09,23960.315996
1497,2017-02-10,29743.835045
1498,2017-02-11,39150.8001
1499,2017-02-12,50537.444
1500,2017-02-13,29864.988999999998
1501,2017-02-14,24578.105000000003
1502,2017-02-15,30800.304
1503,2017-02-16,24442.554
1504,2017-02-17,29496.71299
1505,2017-02-18,41694.786997999996
1506,2017-02-19,41624.314
1507,2017-02-20,32689.263
1508,2017-02-21,26335.54
1509,2017-02-22,30244.536022
1510,2017-02-23,24971.56
1511,2017-02-24,30374.399998
1512,2017-02-25,35076.223
1513,2017-02-26,28201.100005
1514,2017-02-27,29211.12399
1515,2017-02-28,42256.614
1516,2017-03-01,36933.935
1517,2017-03-02,30418.269
1518,2017-03-03,32588.449972000002
1519,2017-03-04,41511.163
1520,2017-03-05,53262.293000000005
1521,2017-03-06,29036.386
1522,2017-03-07,29073.690000000002
1523,2017-03-08,29475.453999999998
1524,2017-03-09,23897.576999999997
1525,2017-03-10,32416.381
1526,2017-03-11,39546.099
1527,2017-03-12,52698.91
1528,2017-03-13,30971.633
1529,2017-03-14,25015.934999999998
1530,2017-03-15,33580.740018
1531,2017-03-16,26922.627
1532,2017-03-17,32458.322
1533,2017-03-18,41051.80602
1534,2017-03-19,55470.258
1535,2017-03-20,34544.02599
1536,2017-03-21,28014.06298
1537,2017-03-22,30736.548000000003
1538,2017-03-23,27264.21699
1539,2017-03-24,33689.41503
1540,2017-03-25,43260.154
1541,2017-03-26,52041.629
1542,2017-03-27,31919.91602
1543,2017-03-28,30619.110996
1544,2017-03-29,31936.68001
1545,2017-03-30,21448.51798
1546,2017-03-31,31852.505974
1547,2017-04-01,56620.804000000004
1548,2017-04-02,51528.235978
1549,2017-04-03,32870.367
1550,2017-04-04,28762.531999
1551,2017-04-05,34749.006996
1552,2017-04-06,24997.57102
1553,2017-04-07,29552.085010000003
1554,2017-04-08,37780.04498
1555,2017-04-09,50107.64799
1556,2017-04-10,27839.843999
1557,2017-04-11,26401.2831
1558,2017-04-12,28351.456980000003
1559,2017-04-13,28415.194
1560,2017-04-14,29021.122
1561,2017-04-15,31163.20398
1562,2017-04-16,41285.787
1563,2017-04-17,27275.582996
1564,2017-04-18,25323.737
1565,2017-04-19,30476.976000000002
1566,2017-04-20,22740.829975
1567,2017-04-21,30058.176968
1568,2017-04-22,35921.210997999995
1569,2017-04-23,49991.346000000005
1570,2017-04-24,26011.824
1571,2017-04-25,26048.063000000002
1572,2017-04-26,29401.800999
1573,2017-04-27,20375.249
1574,2017-04-28,26273.17399
1575,2017-04-29,36066.415
1576,2017-04-30,38212.827979
1577,2017-05-01,51975.568964000006
1578,2017-05-02,32146.026
1579,2017-05-03,34377.98902
1580,2017-05-04,24277.71098
1581,2017-05-05,29095.96
1582,2017-05-06,37038.111000000004
1583,2017-05-07,47668.246979999996
1584,2017-05-08,29450.074
1585,2017-05-09,24798.816998000002
1586,2017-05-10,28877.97
1587,2017-05-11,21491.749
1588,2017-05-12,26940.858
1589,2017-05-13,38646.15998
1590,2017-05-14,35137.509
1591,2017-05-15,27442.135
1592,2017-05-16,30162.668999999998
1593,2017-05-17,32091.6999
1594,2017-05-18,22625.316
1595,2017-05-19,28615.241004000003
1596,2017-05-20,37478.621002
1597,2017-05-21,48432.166
1598,2017-05-22,28081.548997
1599,2017-05-23,25854.149002
1600,2017-05-24,28769.896
1601,2017-05-25,20988.858
1602,2017-05-26,33546.732998
1603,2017-05-27,32112.561999999998
1604,2017-05-28,43043.377
1605,2017-05-29,27770.095999999998
1606,2017-05-30,24445.402002
1607,2017-05-31,29529.103979
1608,2017-06-01,25129.206
1609,2017-06-02,33186.157
1610,2017-06-03,44247.689005
1611,2017-06-04,52917.229004
1612,2017-06-05,32107.257
1613,2017-06-06,28017.409001
1614,2017-06-07,32651.741
1615,2017-06-08,22572.974999
1616,2017-06-09,26987.533998
1617,2017-06-10,38699.82
1618,2017-06-11,52359.871008
1619,2017-06-12,27224.354996000002
1620,2017-06-13,24254.835
1621,2017-06-14,30156.122999
1622,2017-06-15,23314.491985
1623,2017-06-16,30598.837
